TIME,IN,OUT
2021-01-01 21:00,12,6
2021-01-01 22:00,3,3
2021-01-01 23:00,1,0
2021-01-02 0:00,3,2
2021-01-02 1:00,0,0
2021-01-02 2:00,0,0
2021-01-02 3:00,0,0
2021-01-02 4:00,0,0
2021-01-02 5:00,4,2
2021-01-02 6:00,9,9
2021-01-02 7:00,6,10
2021-01-02 8:00,6,9
2021-01-02 9:00,9,21
2021-01-02 10:00,8,14
2021-01-02 11:00,17,28
2021-01-02 12:00,22,20
2021-01-02 13:00,12,16
2021-01-02 14:00,23,19
2021-01-02 15:00,43,22
2021-01-02 16:00,25,17
2021-01-02 17:00,34,19
2021-01-02 18:00,24,12
2021-01-02 19:00,19,11
2021-01-02 20:00,38,13
2021-01-02 21:00,15,14
2021-01-02 22:00,5,3
2021-01-02 23:00,3,2
2021-01-03 0:00,0,0
2021-01-03 1:00,0,0
2021-01-03 2:00,0,0
2021-01-03 3:00,0,0
2021-01-03 4:00,1,1
2021-01-03 5:00,3,0
2021-01-03 6:00,4,2
2021-01-03 7:00,8,8
2021-01-03 8:00,2,8
2021-01-03 9:00,4,9
2021-01-03 10:00,4,12
2021-01-03 11:00,9,13
2021-01-03 12:00,11,5
2021-01-03 13:00,7,8
2021-01-03 14:00,14,16
2021-01-03 15:00,7,10
2021-01-03 16:00,21,10
2021-01-03 17:00,23,16
2021-01-03 18:00,18,9
2021-01-03 19:00,13,8
2021-01-03 20:00,17,10
2021-01-03 21:00,2,6
2021-01-03 22:00,4,1
2021-01-03 23:00,1,1
2021-01-04 0:00,1,1
2021-01-04 1:00,0,0
2021-01-04 2:00,0,0
2021-01-04 3:00,0,0
2021-01-04 4:00,0,0
2021-01-04 5:00,4,5
2021-01-04 6:00,4,10
2021-01-04 7:00,7,74
2021-01-04 8:00,10,157
2021-01-04 9:00,18,68
2021-01-04 10:00,20,40
2021-01-04 11:00,27,39
2021-01-04 12:00,50,47
2021-01-04 13:00,30,40
2021-01-04 14:00,43,33
2021-01-04 15:00,40,24
2021-01-04 16:00,45,18
2021-01-04 17:00,87,23
2021-01-04 18:00,164,29
2021-01-04 19:00,69,14
2021-01-04 20:00,36,13
2021-01-04 21:00,45,13
2021-01-04 22:00,9,4
2021-01-04 23:00,3,3
2021-01-05 0:00,0,0
2021-01-05 1:00,0,0
2021-01-05 2:00,0,0
2021-01-05 3:00,0,0
2021-01-05 4:00,1,1
2021-01-05 5:00,0,4
2021-01-05 6:00,7,10
2021-01-05 7:00,7,59
2021-01-05 8:00,12,145
2021-01-05 9:00,14,68
2021-01-05 10:00,16,37
2021-01-05 11:00,34,50
2021-01-05 12:00,47,54
2021-01-05 13:00,45,54
2021-01-05 14:00,50,33
2021-01-05 15:00,60,37
2021-01-05 16:00,44,23
2021-01-05 17:00,98,16
2021-01-05 18:00,164,24
2021-01-05 19:00,52,20
2021-01-05 20:00,51,18
2021-01-05 21:00,69,16
2021-01-05 22:00,19,3
2021-01-05 23:00,2,3
2021-01-06 0:00,1,1
2021-01-06 1:00,0,0
2021-01-06 2:00,0,0
2021-01-06 3:00,0,0
2021-01-06 4:00,0,0
2021-01-06 5:00,7,9
2021-01-06 6:00,10,17
2021-01-06 7:00,15,49
2021-01-06 8:00,9,144
2021-01-06 9:00,8,49
2021-01-06 10:00,16,47
2021-01-06 11:00,44,31
2021-01-06 12:00,64,64
2021-01-06 13:00,36,30
2021-01-06 14:00,44,23
2021-01-06 15:00,50,24
2021-01-06 16:00,49,22
2021-01-06 17:00,72,19
2021-01-06 18:00,161,21
2021-01-06 19:00,64,28
2021-01-06 20:00,62,12
2021-01-06 21:00,52,10
2021-01-06 22:00,23,5
2021-01-06 23:00,4,4
2021-01-07 0:00,0,0
2021-01-07 1:00,0,0
2021-01-07 2:00,0,0
2021-01-07 3:00,0,0
2021-01-07 4:00,1,1
2021-01-07 5:00,6,8
2021-01-07 6:00,4,6
2021-01-07 7:00,7,38
2021-01-07 8:00,8,110
2021-01-07 9:00,17,95
2021-01-07 10:00,20,46
2021-01-07 11:00,37,51
2021-01-07 12:00,61,53
2021-01-07 13:00,45,44
2021-01-07 14:00,40,21
2021-01-07 15:00,70,44
2021-01-07 16:00,38,17
2021-01-07 17:00,74,11
2021-01-07 18:00,143,31
2021-01-07 19:00,63,12
2021-01-07 20:00,39,5
2021-01-07 21:00,49,8
2021-01-07 22:00,16,2
2021-01-07 23:00,2,3
2021-01-08 0:00,2,2
2021-01-08 1:00,0,0
2021-01-08 2:00,0,0
2021-01-08 3:00,0,0
2021-01-08 4:00,0,0
2021-01-08 5:00,5,6
2021-01-08 6:00,4,11
2021-01-08 7:00,15,63
2021-01-08 8:00,25,152
2021-01-08 9:00,34,86
2021-01-08 10:00,24,47
2021-01-08 11:00,27,39
2021-01-08 12:00,51,52
2021-01-08 13:00,33,42
2021-01-08 14:00,50,35
2021-01-08 15:00,47,33
2021-01-08 16:00,63,25
2021-01-08 17:00,81,18
2021-01-08 18:00,123,18
2021-01-08 19:00,45,18
2021-01-08 20:00,41,12
2021-01-08 21:00,53,20
2021-01-08 22:00,11,4
2021-01-08 23:00,5,2
2021-01-09 0:00,0,0
2021-01-09 1:00,0,0
2021-01-09 2:00,0,0
2021-01-09 3:00,0,0
2021-01-09 4:00,3,4
2021-01-09 5:00,6,3
2021-01-09 6:00,9,5
2021-01-09 7:00,2,8
2021-01-09 8:00,7,15
2021-01-09 9:00,11,19
2021-01-09 10:00,12,21
2021-01-09 11:00,24,20
2021-01-09 12:00,28,16
2021-01-09 13:00,38,22
2021-01-09 14:00,24,32
2021-01-09 15:00,25,25
2021-01-09 16:00,44,21
2021-01-09 17:00,31,25
2021-01-09 18:00,31,18
2021-01-09 19:00,42,11
2021-01-09 20:00,21,13
2021-01-09 21:00,21,13
2021-01-09 22:00,2,4
2021-01-09 23:00,3,0
2021-01-10 0:00,1,1
2021-01-10 1:00,0,0
2021-01-10 2:00,0,0
2021-01-10 3:00,0,0
2021-01-10 4:00,0,0
2021-01-10 5:00,3,1
2021-01-10 6:00,3,6
2021-01-10 7:00,3,7
2021-01-10 8:00,10,14
2021-01-10 9:00,14,18
2021-01-10 10:00,6,12
2021-01-10 11:00,8,11
2021-01-10 12:00,15,14
2021-01-10 13:00,19,22
2021-01-10 14:00,24,22
2021-01-10 15:00,30,22
2021-01-10 16:00,19,12
2021-01-10 17:00,24,11
2021-01-10 18:00,20,11
2021-01-10 19:00,25,14
2021-01-10 20:00,26,13
2021-01-10 21:00,7,6
2021-01-10 22:00,4,1
2021-01-10 23:00,5,6
2021-01-11 0:00,0,1
2021-01-11 1:00,0,0
2021-01-11 2:00,0,0
2021-01-11 3:00,0,0
2021-01-11 4:00,2,2
2021-01-11 5:00,4,5
2021-01-11 6:00,9,9
2021-01-11 7:00,9,68
2021-01-11 8:00,14,135
2021-01-11 9:00,19,82
2021-01-11 10:00,22,41
2021-01-11 11:00,45,27
2021-01-11 12:00,60,36
2021-01-11 13:00,39,50
2021-01-11 14:00,47,32
2021-01-11 15:00,74,32
2021-01-11 16:00,46,27
2021-01-11 17:00,82,20
2021-01-11 18:00,144,11
2021-01-11 19:00,82,23
2021-01-11 20:00,57,14
2021-01-11 21:00,46,12
2021-01-11 22:00,11,4
2021-01-11 23:00,3,2
2021-01-12 0:00,1,1
2021-01-12 1:00,0,0
2021-01-12 2:00,0,0
2021-01-12 3:00,0,0
2021-01-12 4:00,0,0
2021-01-12 5:00,3,9
2021-01-12 6:00,2,9
2021-01-12 7:00,11,69
2021-01-12 8:00,10,139
2021-01-12 9:00,18,74
2021-01-12 10:00,13,42
2021-01-12 11:00,27,36
2021-01-12 12:00,55,44
2021-01-12 13:00,51,47
2021-01-12 14:00,32,31
2021-01-12 15:00,58,42
2021-01-12 16:00,86,31
2021-01-12 17:00,119,19
2021-01-12 18:00,120,23
2021-01-12 19:00,50,36
2021-01-12 20:00,50,17
2021-01-12 21:00,48,10
2021-01-12 22:00,28,3
2021-01-12 23:00,3,2
2021-01-13 0:00,0,0
2021-01-13 1:00,0,0
2021-01-13 2:00,0,0
2021-01-13 3:00,0,0
2021-01-13 4:00,1,2
2021-01-13 5:00,4,5
2021-01-13 6:00,5,12
2021-01-13 7:00,11,59
2021-01-13 8:00,9,135
2021-01-13 9:00,6,68
2021-01-13 10:00,28,44
2021-01-13 11:00,29,42
2021-01-13 12:00,55,47
2021-01-13 13:00,38,47
2021-01-13 14:00,45,34
2021-01-13 15:00,46,23
2021-01-13 16:00,49,20
2021-01-13 17:00,102,23
2021-01-13 18:00,145,18
2021-01-13 19:00,68,16
2021-01-13 20:00,47,12
2021-01-13 21:00,56,9
2021-01-13 22:00,16,5
2021-01-13 23:00,7,1
2021-01-14 0:00,1,1
2021-01-14 1:00,0,0
2021-01-14 2:00,0,0
2021-01-14 3:00,0,0
2021-01-14 4:00,0,1
2021-01-14 5:00,2,4
2021-01-14 6:00,8,10
2021-01-14 7:00,8,60
2021-01-14 8:00,15,133
2021-01-14 9:00,8,65
2021-01-14 10:00,21,40
2021-01-14 11:00,46,45
2021-01-14 12:00,79,69
2021-01-14 13:00,42,40
2021-01-14 14:00,55,23
2021-01-14 15:00,46,34
2021-01-14 16:00,43,24
2021-01-14 17:00,88,22
2021-01-14 18:00,157,32
2021-01-14 19:00,71,17
2021-01-14 20:00,49,10
2021-01-14 21:00,54,23
2021-01-14 22:00,16,6
2021-01-14 23:00,7,5
2021-01-15 0:00,0,0
2021-01-15 1:00,0,0
2021-01-15 2:00,0,0
2021-01-15 3:00,0,0
2021-01-15 4:00,1,1
2021-01-15 5:00,3,5
2021-01-15 6:00,6,6
2021-01-15 7:00,12,65
2021-01-15 8:00,21,139
2021-01-15 9:00,37,80
2021-01-15 10:00,18,42
2021-01-15 11:00,30,32
2021-01-15 12:00,61,45
2021-01-15 13:00,58,37
2021-01-15 14:00,45,24
2021-01-15 15:00,45,38
2021-01-15 16:00,46,30
2021-01-15 17:00,92,25
2021-01-15 18:00,125,32
2021-01-15 19:00,55,22
2021-01-15 20:00,48,19
2021-01-15 21:00,49,23
2021-01-15 22:00,22,7
2021-01-15 23:00,8,7
2021-01-16 0:00,1,1
2021-01-16 1:00,0,0
2021-01-16 2:00,0,0
2021-01-16 3:00,0,0
2021-01-16 4:00,1,1
2021-01-16 5:00,6,5
2021-01-16 6:00,2,3
2021-01-16 7:00,3,7
2021-01-16 8:00,11,20
2021-01-16 9:00,9,28
2021-01-16 10:00,14,21
2021-01-16 11:00,18,27
2021-01-16 12:00,31,38
2021-01-16 13:00,40,34
2021-01-16 14:00,32,40
2021-01-16 15:00,35,35
2021-01-16 16:00,45,25
2021-01-16 17:00,22,26
2021-01-16 18:00,71,14
2021-01-16 19:00,34,24
2021-01-16 20:00,34,14
2021-01-16 21:00,18,15
2021-01-16 22:00,4,2
2021-01-16 23:00,1,2
2021-01-17 0:00,0,0
2021-01-17 1:00,0,0
2021-01-17 2:00,0,0
2021-01-17 3:00,0,0
2021-01-17 4:00,1,1
2021-01-17 5:00,1,0
2021-01-17 6:00,8,3
2021-01-17 7:00,8,11
2021-01-17 8:00,6,6
2021-01-17 9:00,0,15
2021-01-17 10:00,7,11
2021-01-17 11:00,5,9
2021-01-17 12:00,15,17
2021-01-17 13:00,21,21
2021-01-17 14:00,21,14
2021-01-17 15:00,12,15
2021-01-17 16:00,16,13
2021-01-17 17:00,37,32
2021-01-17 18:00,18,10
2021-01-17 19:00,26,22
2021-01-17 20:00,27,11
2021-01-17 21:00,9,12
2021-01-17 22:00,0,0
2021-01-17 23:00,5,3
2021-01-18 0:00,3,3
2021-01-18 1:00,0,0
2021-01-18 2:00,0,0
2021-01-18 3:00,0,0
2021-01-18 4:00,1,1
2021-01-18 5:00,5,6
2021-01-18 6:00,1,13
2021-01-18 7:00,9,64
2021-01-18 8:00,12,146
2021-01-18 9:00,5,74
2021-01-18 10:00,12,44
2021-01-18 11:00,32,31
2021-01-18 12:00,55,50
2021-01-18 13:00,55,44
2021-01-18 14:00,41,36
2021-01-18 15:00,43,23
2021-01-18 16:00,49,28
2021-01-18 17:00,91,19
2021-01-18 18:00,179,16
2021-01-18 19:00,60,12
2021-01-18 20:00,58,10
2021-01-18 21:00,49,14
2021-01-18 22:00,8,1
2021-01-18 23:00,9,4
2021-01-19 0:00,0,0
2021-01-19 1:00,0,0
2021-01-19 2:00,0,0
2021-01-19 3:00,0,0
2021-01-19 4:00,2,2
2021-01-19 5:00,3,5
2021-01-19 6:00,5,10
2021-01-19 7:00,8,68
2021-01-19 8:00,14,139
2021-01-19 9:00,9,69
2021-01-19 10:00,26,36
2021-01-19 11:00,39,46
2021-01-19 12:00,31,47
2021-01-19 13:00,48,40
2021-01-19 14:00,43,32
2021-01-19 15:00,48,29
2021-01-19 16:00,49,27
2021-01-19 17:00,97,14
2021-01-19 18:00,153,26
2021-01-19 19:00,75,21
2021-01-19 20:00,49,22
2021-01-19 21:00,64,14
2021-01-19 22:00,29,6
2021-01-19 23:00,9,1
2021-01-20 0:00,2,1
2021-01-20 1:00,0,0
2021-01-20 2:00,0,0
2021-01-20 3:00,0,0
2021-01-20 4:00,1,1
2021-01-20 5:00,5,5
2021-01-20 6:00,0,11
2021-01-20 7:00,4,62
2021-01-20 8:00,20,147
2021-01-20 9:00,5,59
2021-01-20 10:00,9,40
2021-01-20 11:00,38,35
2021-01-20 12:00,52,57
2021-01-20 13:00,41,27
2021-01-20 14:00,59,39
2021-01-20 15:00,47,23
2021-01-20 16:00,52,19
2021-01-20 17:00,102,30
2021-01-20 18:00,174,22
2021-01-20 19:00,81,16
2021-01-20 20:00,47,14
2021-01-20 21:00,56,18
2021-01-20 22:00,17,4
2021-01-20 23:00,6,1
2021-01-21 0:00,0,0
2021-01-21 1:00,0,0
2021-01-21 2:00,0,0
2021-01-21 3:00,0,0
2021-01-21 4:00,1,1
2021-01-21 5:00,6,5
2021-01-21 6:00,5,7
2021-01-21 7:00,6,61
2021-01-21 8:00,17,138
2021-01-21 9:00,10,63
2021-01-21 10:00,19,57
2021-01-21 11:00,22,30
2021-01-21 12:00,70,44
2021-01-21 13:00,62,51
2021-01-21 14:00,57,42
2021-01-21 15:00,74,31
2021-01-21 16:00,56,32
2021-01-21 17:00,102,24
2021-01-21 18:00,165,28
2021-01-21 19:00,82,22
2021-01-21 20:00,60,6
2021-01-21 21:00,76,20
2021-01-21 22:00,20,6
2021-01-21 23:00,9,1
2021-01-22 0:00,2,2
2021-01-22 1:00,0,0
2021-01-22 2:00,0,0
2021-01-22 3:00,0,0
2021-01-22 4:00,1,1
2021-01-22 5:00,3,5
2021-01-22 6:00,5,10
2021-01-22 7:00,3,66
2021-01-22 8:00,21,132
2021-01-22 9:00,30,77
2021-01-22 10:00,21,42
2021-01-22 11:00,37,41
2021-01-22 12:00,68,53
2021-01-22 13:00,55,54
2021-01-22 14:00,44,26
2021-01-22 15:00,57,21
2021-01-22 16:00,62,28
2021-01-22 17:00,86,29
2021-01-22 18:00,153,31
2021-01-22 19:00,69,21
2021-01-22 20:00,37,21
2021-01-22 21:00,63,21
2021-01-22 22:00,17,2
2021-01-22 23:00,5,5
2021-01-23 0:00,0,0
2021-01-23 1:00,0,0
2021-01-23 2:00,0,0
2021-01-23 3:00,0,0
2021-01-23 4:00,1,1
2021-01-23 5:00,5,1
2021-01-23 6:00,6,4
2021-01-23 7:00,5,13
2021-01-23 8:00,9,14
2021-01-23 11:00,20,33
2021-01-23 12:00,39,39
2021-01-23 13:00,28,28
2021-01-23 14:00,49,35
2021-01-23 15:00,64,30
2021-01-23 16:00,57,40
2021-01-23 17:00,57,20
2021-01-23 18:00,53,26
2021-01-23 19:00,39,19
2021-01-23 20:00,47,14
2021-01-23 21:00,33,16
2021-01-23 22:00,4,4
2021-01-23 23:00,3,3
2021-01-24 0:00,2,2
2021-01-24 1:00,0,0
2021-01-24 2:00,0,0
2021-01-24 3:00,0,0
2021-01-24 4:00,1,1
2021-01-24 5:00,0,3
2021-01-24 6:00,2,3
2021-01-24 7:00,5,4
2021-01-24 8:00,1,7
2021-01-24 9:00,5,11
2021-01-24 10:00,3,6
2021-01-24 11:00,7,15
2021-01-24 12:00,18,13
2021-01-24 13:00,32,10
2021-01-24 14:00,34,22
2021-01-24 15:00,35,14
2021-01-24 16:00,37,12
2021-01-24 17:00,24,19
2021-01-24 18:00,21,15
2021-01-24 19:00,19,11
2021-01-24 20:00,30,15
2021-01-24 21:00,20,4
2021-01-24 22:00,1,1
2021-01-24 23:00,1,2
2021-01-25 0:00,0,0
2021-01-25 1:00,0,0
2021-01-25 2:00,0,0
2021-01-25 3:00,0,0
2021-01-25 4:00,1,1
2021-01-25 5:00,3,4
2021-01-25 6:00,8,10
2021-01-25 7:00,4,72
2021-01-25 8:00,10,144
2021-01-25 9:00,14,65
2021-01-25 10:00,22,42
2021-01-25 11:00,54,36
2021-01-25 12:00,48,44
2021-01-25 13:00,36,42
2021-01-25 14:00,64,31
2021-01-25 15:00,65,35
2021-01-25 16:00,57,30
2021-01-25 17:00,86,34
2021-01-25 18:00,172,25
2021-01-25 19:00,74,7
2021-01-25 20:00,41,16
2021-01-25 21:00,59,16
2021-01-25 22:00,12,3
2021-01-25 23:00,5,2
2021-01-26 0:00,1,1
2021-01-26 1:00,0,0
2021-01-26 2:00,0,0
2021-01-26 3:00,0,0
2021-01-26 4:00,2,1
2021-01-26 5:00,3,6
2021-01-26 6:00,3,13
2021-01-26 7:00,4,62
2021-01-26 8:00,15,128
2021-01-26 9:00,23,80
2021-01-26 10:00,25,35
2021-01-26 11:00,46,46
2021-01-26 12:00,39,44
2021-01-26 13:00,48,42
2021-01-26 14:00,29,32
2021-01-26 15:00,61,42
2021-01-26 16:00,67,32
2021-01-26 17:00,111,21
2021-01-26 18:00,159,28
2021-01-26 19:00,74,26
2021-01-26 20:00,78,20
2021-01-26 21:00,70,17
2021-01-26 22:00,28,5
2021-01-26 23:00,4,0
2021-01-27 0:00,0,0
2021-01-27 1:00,0,0
2021-01-27 2:00,0,0
2021-01-27 3:00,0,0
2021-01-27 4:00,1,1
2021-01-27 5:00,6,3
2021-01-27 6:00,4,8
2021-01-27 7:00,6,65
2021-01-27 8:00,13,143
2021-01-27 9:00,10,82
2021-01-27 10:00,25,37
2021-01-27 11:00,37,34
2021-01-27 12:00,45,47
2021-01-27 13:00,35,41
2021-01-27 14:00,44,29
2021-01-27 15:00,61,37
2021-01-27 16:00,87,36
2021-01-27 17:00,92,21
2021-01-27 18:00,181,28
2021-01-27 19:00,82,22
2021-01-27 20:00,69,24
2021-01-27 21:00,56,27
2021-01-27 22:00,22,4
2021-01-27 23:00,5,1
2021-01-28 0:00,1,1
2021-01-28 1:00,0,0
2021-01-28 2:00,0,0
2021-01-28 3:00,0,0
2021-01-28 4:00,1,1
2021-01-28 5:00,4,5
2021-01-28 6:00,3,9
2021-01-28 7:00,13,67
2021-01-28 8:00,17,152
2021-01-28 9:00,22,73
2021-01-28 10:00,21,46
2021-01-28 11:00,48,40
2021-01-28 12:00,43,47
2021-01-28 13:00,61,53
2021-01-28 14:00,43,22
2021-01-28 15:00,49,27
2021-01-28 16:00,65,29
2021-01-28 17:00,87,28
2021-01-28 18:00,182,30
2021-01-28 19:00,50,19
2021-01-28 20:00,51,18
2021-01-28 21:00,60,11
2021-01-28 22:00,18,4
2021-01-28 23:00,3,2
2021-01-29 0:00,1,1
2021-01-29 1:00,0,0
2021-01-29 2:00,0,0
2021-01-29 3:00,0,0
2021-01-29 4:00,1,1
2021-01-29 5:00,3,6
2021-01-29 6:00,5,11
2021-01-29 7:00,9,60
2021-01-29 8:00,29,136
2021-01-29 9:00,31,80
2021-01-29 10:00,24,39
2021-01-29 11:00,42,38
2021-01-29 12:00,83,58
2021-01-29 13:00,49,43
2021-01-29 14:00,38,37
2021-01-29 15:00,56,24
2021-01-29 16:00,58,26
2021-01-29 17:00,103,21
2021-01-29 18:00,162,31
2021-01-29 19:00,87,24
2021-01-29 20:00,50,18
2021-01-29 21:00,55,17
2021-01-29 22:00,24,1
2021-01-29 23:00,6,3
2021-01-30 0:00,1,1
2021-01-30 1:00,0,0
2021-01-30 2:00,0,0
2021-01-30 3:00,0,0
2021-01-30 4:00,1,1
2021-01-30 5:00,2,1
2021-01-30 6:00,4,6
2021-01-30 7:00,6,8
2021-01-30 8:00,7,19
2021-01-30 9:00,11,20
2021-01-30 10:00,8,19
2021-01-30 11:00,19,26
2021-01-30 12:00,25,29
2021-01-30 13:00,25,18
2021-01-30 14:00,30,17
2021-01-30 15:00,41,43
2021-01-30 16:00,56,43
2021-01-30 17:00,43,33
2021-01-30 18:00,87,17
2021-01-30 19:00,36,11
2021-01-30 20:00,38,13
2021-01-30 21:00,28,18
2021-01-30 22:00,9,3
2021-01-30 23:00,4,3
2021-01-31 0:00,0,0
2021-01-31 1:00,0,0
2021-01-31 2:00,0,0
2021-01-31 3:00,0,0
2021-01-31 4:00,1,1
2021-01-31 5:00,0,0
2021-01-31 6:00,5,2
2021-01-31 7:00,2,7
2021-01-31 8:00,1,9
2021-01-31 9:00,3,13
2021-01-31 10:00,6,13
2021-01-31 11:00,8,9
2021-01-31 12:00,17,17
2021-01-31 13:00,22,15
2021-01-31 14:00,32,29
2021-01-31 15:00,30,13
2021-01-31 16:00,54,25
2021-01-31 17:00,36,12
2021-01-31 18:00,31,23
2021-01-31 19:00,23,18
2021-01-31 20:00,18,9
2021-01-31 21:00,15,13
2021-01-31 22:00,2,5
2021-01-31 23:00,1,2
2021-02-01 0:00,1,1
2021-02-01 1:00,0,0
2021-02-01 2:00,0,0
2021-02-01 3:00,0,0
2021-02-01 4:00,1,1
2021-02-01 5:00,2,4
2021-02-01 6:00,10,13
2021-02-01 7:00,6,64
2021-02-01 8:00,18,157
2021-02-01 9:00,14,69
2021-02-01 10:00,16,42
2021-02-01 11:00,37,37
2021-02-01 12:00,62,54
2021-02-01 13:00,47,38
2021-02-01 14:00,48,36
2021-02-01 15:00,65,29
2021-02-01 16:00,62,25
2021-02-01 17:00,97,17
2021-02-01 18:00,191,28
2021-02-01 19:00,90,25
2021-02-01 20:00,48,21
2021-02-01 21:00,68,15
2021-02-01 22:00,12,2
2021-02-01 23:00,4,3
2021-02-02 0:00,4,3
2021-02-02 1:00,0,0
2021-02-02 2:00,0,0
2021-02-02 3:00,0,0
2021-02-02 4:00,4,2
2021-02-02 5:00,6,14
2021-02-02 6:00,6,6
2021-02-02 7:00,10,66
2021-02-02 8:00,37,158
2021-02-02 9:00,17,74
2021-02-02 10:00,23,34
2021-02-02 11:00,40,33
2021-02-02 12:00,45,52
2021-02-02 13:00,55,36
2021-02-02 14:00,51,25
2021-02-02 15:00,53,45
2021-02-02 16:00,68,21
2021-02-02 17:00,88,27
2021-02-02 18:00,173,29
2021-02-02 19:00,68,30
2021-02-02 20:00,62,22
2021-02-02 21:00,73,17
2021-02-02 22:00,22,5
2021-02-02 23:00,4,2
2021-02-03 0:00,1,1
2021-02-03 1:00,0,0
2021-02-03 2:00,0,0
2021-02-03 3:00,0,0
2021-02-03 4:00,0,0
2021-02-03 5:00,1,5
2021-02-03 6:00,2,8
2021-02-03 7:00,5,68
2021-02-03 8:00,18,147
2021-02-03 9:00,8,66
2021-02-03 10:00,9,43
2021-02-03 11:00,38,27
2021-02-03 12:00,54,54
2021-02-03 13:00,48,49
2021-02-03 14:00,41,34
2021-02-03 15:00,58,31
2021-02-03 16:00,46,27
2021-02-03 17:00,111,18
2021-02-03 18:00,150,23
2021-02-03 19:00,88,21
2021-02-03 20:00,47,19
2021-02-03 21:00,79,31
2021-02-03 22:00,28,6
2021-02-03 23:00,13,6
2021-02-04 0:00,0,0
2021-02-04 1:00,1,1
2021-02-04 2:00,0,0
2021-02-04 3:00,0,0
2021-02-04 4:00,1,0
2021-02-04 5:00,0,4
2021-02-04 6:00,5,9
2021-02-04 7:00,3,53
2021-02-04 8:00,12,130
2021-02-04 9:00,14,84
2021-02-04 10:00,21,50
2021-02-04 11:00,52,33
2021-02-04 12:00,67,49
2021-02-04 13:00,53,53
2021-02-04 14:00,49,43
2021-02-04 15:00,58,30
2021-02-04 16:00,54,36
2021-02-04 17:00,102,39
2021-02-04 18:00,144,24
2021-02-04 19:00,70,28
2021-02-04 20:00,69,20
2021-02-04 21:00,49,15
2021-02-04 22:00,21,8
2021-02-04 23:00,6,2
2021-02-05 0:00,1,1
2021-02-05 1:00,0,0
2021-02-05 2:00,0,0
2021-02-05 3:00,0,0
2021-02-05 4:00,1,1
2021-02-05 5:00,2,5
2021-02-05 6:00,4,12
2021-02-05 7:00,6,60
2021-02-05 8:00,33,155
2021-02-05 9:00,33,92
2021-02-05 10:00,23,36
2021-02-05 11:00,35,40
2021-02-05 12:00,55,44
2021-02-05 13:00,46,43
2021-02-05 14:00,54,23
2021-02-05 15:00,47,22
2021-02-05 16:00,65,28
2021-02-05 17:00,85,26
2021-02-05 18:00,161,36
2021-02-05 19:00,60,34
2021-02-05 20:00,52,19
2021-02-05 21:00,57,21
2021-02-05 22:00,17,3
2021-02-05 23:00,7,4
2021-02-06 0:00,0,0
2021-02-06 1:00,0,0
2021-02-06 2:00,0,0
2021-02-06 3:00,0,0
2021-02-06 4:00,1,2
2021-02-06 5:00,0,3
2021-02-06 6:00,6,2
2021-02-06 7:00,5,12
2021-02-06 8:00,5,14
2021-02-06 9:00,8,25
2021-02-06 10:00,11,19
2021-02-06 11:00,24,29
2021-02-06 12:00,20,27
2021-02-06 13:00,37,24
2021-02-06 14:00,32,39
2021-02-06 15:00,32,30
2021-02-06 16:00,53,25
2021-02-06 17:00,64,33
2021-02-06 18:00,67,36
2021-02-06 19:00,64,20
2021-02-06 20:00,33,21
2021-02-06 21:00,31,27
2021-02-06 22:00,8,2
2021-02-06 23:00,1,6
2021-02-07 0:00,1,1
2021-02-07 1:00,0,0
2021-02-07 2:00,0,0
2021-02-07 3:00,0,0
2021-02-07 4:00,0,0
2021-02-07 5:00,1,1
2021-02-07 6:00,3,6
2021-02-07 7:00,3,5
2021-02-07 8:00,5,9
2021-02-07 9:00,9,25
2021-02-07 10:00,10,16
2021-02-07 11:00,18,19
2021-02-07 12:00,21,27
2021-02-07 13:00,31,29
2021-02-07 14:00,26,15
2021-02-07 15:00,32,24
2021-02-07 16:00,30,12
2021-02-07 17:00,32,18
2021-02-07 18:00,47,23
2021-02-07 19:00,20,12
2021-02-07 20:00,37,7
2021-02-07 21:00,25,28
2021-02-07 22:00,1,2
2021-02-07 23:00,3,1
2021-02-08 0:00,0,0
2021-02-08 1:00,0,0
2021-02-08 2:00,0,0
2021-02-08 3:00,0,0
2021-02-08 4:00,1,1
2021-02-08 5:00,2,6
2021-02-08 6:00,7,10
2021-02-08 7:00,9,70
2021-02-08 8:00,13,137
2021-02-08 9:00,13,77
2021-02-08 10:00,17,34
2021-02-08 11:00,41,31
2021-02-08 12:00,54,40
2021-02-08 13:00,40,50
2021-02-08 14:00,49,30
2021-02-08 15:00,67,40
2021-02-08 16:00,63,17
2021-02-08 17:00,82,21
2021-02-08 18:00,187,22
2021-02-08 19:00,81,34
2021-02-08 20:00,60,8
2021-02-08 21:00,37,24
2021-02-08 22:00,7,1
2021-02-08 23:00,5,0
2021-02-09 0:00,1,1
2021-02-09 1:00,0,0
2021-02-09 2:00,0,0
2021-02-09 3:00,0,0
2021-02-09 4:00,0,0
2021-02-09 5:00,5,7
2021-02-09 6:00,1,6
2021-02-09 7:00,12,63
2021-02-09 8:00,12,156
2021-02-09 9:00,11,81
2021-02-09 10:00,24,53
2021-02-09 11:00,50,34
2021-02-09 12:00,58,57
2021-02-09 13:00,26,48
2021-02-09 14:00,49,29
2021-02-09 15:00,65,30
2021-02-09 16:00,64,11
2021-02-09 17:00,95,23
2021-02-09 18:00,175,31
2021-02-09 19:00,70,42
2021-02-09 20:00,65,18
2021-02-09 21:00,74,22
2021-02-09 22:00,36,7
2021-02-09 23:00,3,4
2021-02-10 0:00,1,1
2021-02-10 1:00,0,0
2021-02-10 2:00,0,0
2021-02-10 3:00,0,0
2021-02-10 4:00,1,1
2021-02-10 5:00,4,3
2021-02-10 6:00,2,4
2021-02-10 7:00,10,46
2021-02-10 8:00,14,101
2021-02-10 9:00,12,66
2021-02-10 10:00,13,32
2021-02-10 11:00,43,22
2021-02-10 12:00,52,47
2021-02-10 13:00,45,41
2021-02-10 14:00,64,37
2021-02-10 15:00,71,37
2021-02-10 16:00,88,36
2021-02-10 17:00,74,14
2021-02-10 18:00,119,28
2021-02-10 19:00,42,12
2021-02-10 20:00,51,14
2021-02-10 21:00,32,24
2021-02-10 22:00,13,4
2021-02-10 23:00,4,1
2021-02-11 0:00,1,3
2021-02-11 1:00,0,0
2021-02-11 2:00,0,0
2021-02-11 3:00,0,0
2021-02-11 4:00,0,0
2021-02-11 5:00,3,2
2021-02-11 6:00,1,2
2021-02-11 7:00,2,9
2021-02-11 8:00,9,8
2021-02-11 9:00,10,18
2021-02-11 10:00,4,9
2021-02-11 11:00,15,7
2021-02-11 12:00,20,21
2021-02-11 13:00,13,14
2021-02-11 14:00,21,4
2021-02-11 15:00,31,18
2021-02-11 16:00,29,14
2021-02-11 17:00,27,13
2021-02-11 18:00,43,9
2021-02-11 19:00,27,14
2021-02-11 20:00,32,16
2021-02-11 21:00,13,11
2021-02-11 22:00,1,2
2021-02-11 23:00,2,4
2021-02-12 0:00,0,0
2021-02-12 1:00,0,0
2021-02-12 2:00,0,0
2021-02-12 3:00,0,0
2021-02-12 4:00,1,2
2021-02-12 5:00,2,0
2021-02-12 6:00,4,2
2021-02-12 7:00,6,8
2021-02-12 8:00,2,3
2021-02-12 9:00,2,6
2021-02-12 10:00,6,6
2021-02-12 11:00,8,14
2021-02-12 12:00,9,16
2021-02-12 13:00,6,10
2021-02-12 14:00,8,15
2021-02-12 15:00,7,20
2021-02-12 16:00,24,5
2021-02-12 17:00,37,11
2021-02-12 18:00,31,9
2021-02-12 19:00,13,11
2021-02-12 20:00,16,4
2021-02-12 21:00,15,10
2021-02-12 22:00,8,4
2021-02-12 23:00,2,1
2021-02-13 0:00,1,2
2021-02-13 1:00,0,0
2021-02-13 2:00,0,0
2021-02-13 3:00,0,0
2021-02-13 4:00,2,2
2021-02-13 5:00,5,2
2021-02-13 6:00,2,3
2021-02-13 7:00,5,8
2021-02-13 8:00,7,7
2021-02-13 9:00,13,10
2021-02-13 10:00,7,14
2021-02-13 11:00,13,22
2021-02-13 12:00,14,22
2021-02-13 13:00,25,36
2021-02-13 14:00,42,22
2021-02-13 15:00,38,34
2021-02-13 16:00,38,20
2021-02-13 17:00,41,32
2021-02-13 18:00,37,6
2021-02-13 19:00,34,18
2021-02-13 20:00,23,28
2021-02-13 21:00,36,27
2021-02-13 22:00,4,5
2021-02-13 23:00,3,5
2021-02-14 0:00,0,0
2021-02-14 1:00,0,0
2021-02-14 2:00,0,0
2021-02-14 3:00,0,0
2021-02-14 4:00,1,1
2021-02-14 5:00,2,0
2021-02-14 6:00,1,1
2021-02-14 7:00,3,5
2021-02-14 8:00,3,8
2021-02-14 9:00,2,10
2021-02-14 10:00,8,5
2021-02-14 11:00,9,13
2021-02-14 12:00,18,14
2021-02-14 13:00,18,19
2021-02-14 14:00,38,11
2021-02-14 15:00,23,21
2021-02-14 16:00,26,16
2021-02-14 17:00,26,10
2021-02-14 18:00,36,13
2021-02-14 19:00,28,10
2021-02-14 20:00,32,11
2021-02-14 21:00,24,8
2021-02-14 22:00,1,1
2021-02-14 23:00,2,0
2021-02-15 0:00,1,1
2021-02-15 1:00,0,0
2021-02-15 2:00,0,0
2021-02-15 3:00,0,0
2021-02-15 4:00,1,0
2021-02-15 5:00,3,6
2021-02-15 6:00,4,7
2021-02-15 7:00,8,48
2021-02-15 8:00,20,127
2021-02-15 9:00,7,72
2021-02-15 10:00,28,45
2021-02-15 11:00,33,32
2021-02-15 12:00,78,54
2021-02-15 13:00,37,59
2021-02-15 14:00,38,32
2021-02-15 15:00,60,39
2021-02-15 16:00,55,30
2021-02-15 17:00,97,28
2021-02-15 18:00,146,29
2021-02-15 19:00,75,21
2021-02-15 20:00,48,15
2021-02-15 21:00,39,16
2021-02-15 22:00,27,13
2021-02-15 23:00,3,4
2021-02-16 0:00,3,2
2021-02-16 1:00,0,0
2021-02-16 2:00,0,0
2021-02-16 3:00,0,0
2021-02-16 4:00,1,1
2021-02-16 5:00,0,7
2021-02-16 6:00,0,8
2021-02-16 7:00,8,75
2021-02-16 8:00,19,159
2021-02-16 9:00,13,72
2021-02-16 10:00,25,37
2021-02-16 11:00,52,43
2021-02-16 12:00,56,62
2021-02-16 13:00,45,39
2021-02-16 14:00,44,38
2021-02-16 15:00,43,18
2021-02-16 16:00,65,39
2021-02-16 17:00,93,29
2021-02-16 18:00,197,33
2021-02-16 19:00,57,27
2021-02-16 20:00,42,15
2021-02-16 21:00,60,26
2021-02-16 22:00,43,16
2021-02-16 23:00,2,0
2021-02-17 0:00,1,1
2021-02-17 1:00,0,0
2021-02-17 2:00,0,0
2021-02-17 3:00,0,0
2021-02-17 4:00,1,2
2021-02-17 5:00,1,5
2021-02-17 6:00,2,10
2021-02-17 7:00,8,66
2021-02-17 8:00,19,174
2021-02-17 9:00,7,61
2021-02-17 10:00,10,40
2021-02-17 11:00,41,39
2021-02-17 12:00,52,64
2021-02-17 13:00,39,59
2021-02-17 14:00,36,14
2021-02-17 15:00,47,30
2021-02-17 16:00,54,26
2021-02-17 17:00,111,24
2021-02-17 18:00,184,39
2021-02-17 19:00,67,34
2021-02-17 20:00,75,10
2021-02-17 21:00,62,14
2021-02-17 22:00,62,24
2021-02-17 23:00,5,3
2021-02-18 0:00,0,0
2021-02-18 1:00,0,0
2021-02-18 2:00,0,0
2021-02-18 3:00,0,0
2021-02-18 4:00,2,1
2021-02-18 5:00,0,5
2021-02-18 6:00,7,7
2021-02-18 7:00,4,69
2021-02-18 8:00,17,145
2021-02-18 9:00,9,77
2021-02-18 10:00,24,45
2021-02-18 11:00,33,32
2021-02-18 12:00,66,64
2021-02-18 13:00,55,55
2021-02-18 14:00,42,41
2021-02-18 15:00,64,24
2021-02-18 16:00,55,27
2021-02-18 17:00,117,49
2021-02-18 18:00,178,36
2021-02-18 19:00,47,17
2021-02-18 20:00,59,13
2021-02-18 21:00,39,15
2021-02-18 22:00,48,17
2021-02-18 23:00,7,8
2021-02-19 0:00,1,1
2021-02-19 1:00,0,0
2021-02-19 2:00,5,4
2021-02-19 3:00,1,1
2021-02-19 4:00,1,1
2021-02-19 5:00,0,5
2021-02-19 6:00,2,8
2021-02-19 7:00,5,54
2021-02-19 8:00,34,161
2021-02-19 9:00,35,95
2021-02-19 10:00,21,48
2021-02-19 11:00,43,47
2021-02-19 12:00,68,39
2021-02-19 13:00,34,38
2021-02-19 14:00,37,27
2021-02-19 15:00,66,18
2021-02-19 16:00,67,28
2021-02-19 17:00,119,32
2021-02-19 18:00,167,31
2021-02-19 19:00,69,19
2021-02-19 20:00,53,22
2021-02-19 21:00,58,15
2021-02-19 22:00,57,16
2021-02-19 23:00,6,4
2021-02-20 0:00,0,0
2021-02-20 1:00,0,0
2021-02-20 2:00,0,0
2021-02-20 3:00,0,0
2021-02-20 4:00,1,1
2021-02-20 5:00,0,4
2021-02-20 6:00,3,1
2021-02-20 7:00,5,5
2021-02-20 8:00,7,13
2021-02-20 9:00,11,27
2021-02-20 10:00,10,22
2021-02-20 11:00,23,31
2021-02-20 12:00,30,41
2021-02-20 13:00,29,21
2021-02-20 14:00,31,40
2021-02-20 15:00,55,55
2021-02-20 16:00,39,38
2021-02-20 17:00,38,23
2021-02-20 18:00,48,28
2021-02-20 19:00,42,22
2021-02-20 20:00,44,14
2021-02-20 21:00,49,21
2021-02-20 22:00,23,3
2021-02-20 23:00,1,2
2021-02-21 0:00,1,1
2021-02-21 1:00,0,0
2021-02-21 2:00,0,0
2021-02-21 3:00,0,0
2021-02-21 4:00,1,1
2021-02-21 5:00,0,0
2021-02-21 6:00,3,4
2021-02-21 7:00,27,24
2021-02-21 8:00,2,7
2021-02-21 9:00,4,15
2021-02-21 10:00,5,7
2021-02-21 11:00,13,17
2021-02-21 12:00,11,12
2021-02-21 13:00,28,32
2021-02-21 14:00,24,34
2021-02-21 15:00,30,18
2021-02-21 16:00,72,59
2021-02-21 17:00,59,31
2021-02-21 18:00,40,19
2021-02-21 19:00,30,9
2021-02-21 20:00,24,14
2021-02-21 21:00,16,10
2021-02-21 22:00,13,2
2021-02-21 23:00,1,2
2021-02-22 0:00,1,1
2021-02-22 1:00,0,0
2021-02-22 2:00,0,0
2021-02-22 3:00,0,0
2021-02-22 4:00,1,1
2021-02-22 5:00,4,6
2021-02-22 6:00,6,9
2021-02-22 7:00,4,64
2021-02-22 8:00,9,149
2021-02-22 9:00,11,81
2021-02-22 10:00,20,27
2021-02-22 11:00,52,38
2021-02-22 12:00,66,65
2021-02-22 13:00,37,47
2021-02-22 14:00,35,28
2021-02-22 15:00,44,35
2021-02-22 16:00,40,24
2021-02-22 17:00,100,26
2021-02-22 18:00,179,34
2021-02-22 19:00,77,32
2021-02-22 20:00,62,23
2021-02-22 21:00,53,11
2021-02-22 22:00,31,28
2021-02-22 23:00,7,3
2021-02-23 0:00,1,1
2021-02-23 1:00,0,0
2021-02-23 2:00,0,0
2021-02-23 3:00,0,0
2021-02-23 4:00,1,1
2021-02-23 5:00,1,5
2021-02-23 6:00,5,8
2021-02-23 7:00,8,74
2021-02-23 8:00,17,149
2021-02-23 9:00,11,76
2021-02-23 10:00,21,42
2021-02-23 11:00,37,49
2021-02-23 12:00,53,47
2021-02-23 13:00,57,39
2021-02-23 14:00,38,19
2021-02-23 15:00,52,26
2021-02-23 16:00,67,39
2021-02-23 17:00,103,21
2021-02-23 18:00,166,29
2021-02-23 19:00,73,32
2021-02-23 20:00,54,12
2021-02-23 21:00,55,21
2021-02-23 22:00,51,11
2021-02-23 23:00,8,1
2021-02-24 0:00,0,0
2021-02-24 1:00,0,0
2021-02-24 2:00,0,0
2021-02-24 3:00,0,0
2021-02-24 4:00,1,1
2021-02-24 5:00,4,10
2021-02-24 6:00,7,10
2021-02-24 7:00,6,65
2021-02-24 8:00,14,160
2021-02-24 9:00,9,76
2021-02-24 10:00,34,56
2021-02-24 11:00,44,42
2021-02-24 12:00,74,62
2021-02-24 13:00,45,41
2021-02-24 14:00,34,36
2021-02-24 15:00,63,30
2021-02-24 16:00,66,41
2021-02-24 17:00,95,20
2021-02-24 18:00,181,36
2021-02-24 19:00,92,25
2021-02-24 20:00,61,28
2021-02-24 21:00,46,16
2021-02-24 22:00,57,30
2021-02-24 23:00,3,1
2021-02-25 0:00,1,1
2021-02-25 1:00,0,0
2021-02-25 2:00,0,0
2021-02-25 3:00,0,0
2021-02-25 4:00,1,1
2021-02-25 5:00,3,6
2021-02-25 6:00,5,7
2021-02-25 7:00,6,64
2021-02-25 8:00,17,155
2021-02-25 9:00,9,94
2021-02-25 10:00,22,39
2021-02-25 11:00,47,49
2021-02-25 12:00,48,60
2021-02-25 13:00,49,41
2021-02-25 14:00,48,36
2021-02-25 15:00,54,20
2021-02-25 16:00,75,42
2021-02-25 17:00,95,33
2021-02-25 18:00,194,36
2021-02-25 19:00,75,24
2021-02-25 20:00,70,23
2021-02-25 21:00,59,26
2021-02-25 22:00,51,6
2021-02-25 23:00,5,3
2021-02-26 0:00,0,0
2021-02-26 1:00,0,0
2021-02-26 2:00,0,0
2021-02-26 3:00,0,0
2021-02-26 4:00,1,1
2021-02-26 5:00,3,5
2021-02-26 6:00,6,8
2021-02-26 7:00,4,68
2021-02-26 8:00,29,150
2021-02-26 9:00,20,85
2021-02-26 10:00,21,35
2021-02-26 11:00,44,51
2021-02-26 12:00,54,45
2021-02-26 13:00,40,47
2021-02-26 14:00,48,40
2021-02-26 15:00,63,29
2021-02-26 16:00,85,40
2021-02-26 17:00,111,37
2021-02-26 18:00,158,33
2021-02-26 19:00,62,23
2021-02-26 20:00,55,23
2021-02-26 21:00,75,24
2021-02-26 22:00,61,11
2021-02-26 23:00,11,4
2021-02-27 0:00,2,1
2021-02-27 1:00,0,0
2021-02-27 2:00,0,0
2021-02-27 3:00,0,0
2021-02-27 4:00,1,1
2021-02-27 5:00,1,1
2021-02-27 6:00,2,4
2021-02-27 7:00,9,10
2021-02-27 8:00,5,10
2021-02-27 9:00,12,24
2021-02-27 10:00,17,15
2021-02-27 11:00,21,28
2021-02-27 12:00,27,19
2021-02-27 13:00,39,29
2021-02-27 14:00,43,38
2021-02-27 15:00,55,46
2021-02-27 16:00,38,31
2021-02-27 17:00,54,40
2021-02-27 18:00,48,28
2021-02-27 19:00,38,23
2021-02-27 20:00,68,13
2021-02-27 21:00,35,22
2021-02-27 22:00,36,20
2021-02-27 23:00,4,2
2021-02-28 0:00,0,0
2021-02-28 1:00,0,0
2021-02-28 2:00,0,0
2021-02-28 3:00,0,0
2021-02-28 4:00,2,3
2021-02-28 5:00,4,0
2021-02-28 6:00,5,7
2021-02-28 7:00,9,10
2021-02-28 8:00,3,10
2021-02-28 9:00,5,11
2021-02-28 10:00,9,18
2021-02-28 11:00,20,13
2021-02-28 12:00,33,19
2021-02-28 13:00,32,36
2021-02-28 14:00,28,27
2021-02-28 15:00,33,22
2021-02-28 16:00,49,42
2021-02-28 17:00,34,25
2021-02-28 18:00,54,22
2021-02-28 19:00,30,11
2021-02-28 20:00,38,11
2021-02-28 21:00,17,12
2021-02-28 22:00,33,10
2021-02-28 23:00,2,1
2021-03-01 0:00,1,1
2021-03-01 1:00,0,0
2021-03-01 2:00,0,0
2021-03-01 3:00,0,0
2021-03-01 4:00,1,1
2021-03-01 5:00,1,0
2021-03-01 6:00,5,5
2021-03-01 7:00,2,7
2021-03-01 8:00,10,15
2021-03-01 9:00,6,15
2021-03-01 10:00,16,25
2021-03-01 11:00,23,23
2021-03-01 12:00,23,27
2021-03-01 13:00,27,25
2021-03-01 14:00,21,15
2021-03-01 15:00,38,22
2021-03-01 16:00,50,12
2021-03-01 17:00,22,11
2021-03-01 18:00,33,14
2021-03-01 19:00,24,21
2021-03-01 20:00,20,5
2021-03-01 21:00,26,26
2021-03-01 22:00,5,6
2021-03-01 23:00,6,6
2021-03-02 0:00,0,0
2021-03-02 1:00,0,0
2021-03-02 2:00,0,0
2021-03-02 3:00,0,0
2021-03-02 4:00,1,1
2021-03-02 5:00,2,6
2021-03-02 6:00,5,11
2021-03-02 7:00,7,66
2021-03-02 8:00,11,160
2021-03-02 9:00,12,80
2021-03-02 10:00,18,30
2021-03-02 11:00,32,35
2021-03-02 12:00,40,50
2021-03-02 13:00,40,44
2021-03-02 14:00,49,32
2021-03-02 15:00,61,30
2021-03-02 16:00,56,27
2021-03-02 17:00,89,30
2021-03-02 18:00,200,20
2021-03-02 19:00,72,31
2021-03-02 20:00,66,20
2021-03-02 21:00,50,8
2021-03-02 22:00,36,6
2021-03-02 23:00,6,6
2021-03-03 0:00,1,1
2021-03-03 1:00,0,0
2021-03-03 2:00,0,0
2021-03-03 3:00,0,0
2021-03-03 4:00,0,1
2021-03-03 5:00,2,5
2021-03-03 6:00,4,8
2021-03-03 7:00,7,56
2021-03-03 8:00,15,149
2021-03-03 9:00,10,83
2021-03-03 10:00,25,37
2021-03-03 11:00,36,39
2021-03-03 12:00,79,67
2021-03-03 13:00,37,45
2021-03-03 14:00,52,38
2021-03-03 15:00,72,28
2021-03-03 16:00,47,30
2021-03-03 17:00,112,20
2021-03-03 18:00,196,43
2021-03-03 19:00,79,23
2021-03-03 20:00,71,25
2021-03-03 21:00,73,20
2021-03-03 22:00,50,22
2021-03-03 23:00,4,3
2021-03-04 0:00,0,0
2021-03-04 1:00,0,0
2021-03-04 2:00,0,0
2021-03-04 3:00,0,0
2021-03-04 4:00,1,2
2021-03-04 5:00,2,5
2021-03-04 6:00,8,8
2021-03-04 7:00,5,66
2021-03-04 8:00,24,148
2021-03-04 9:00,10,76
2021-03-04 10:00,21,41
2021-03-04 11:00,37,50
2021-03-04 12:00,56,42
2021-03-04 13:00,39,44
2021-03-04 14:00,50,28
2021-03-04 15:00,66,49
2021-03-04 16:00,62,25
2021-03-04 17:00,90,21
2021-03-04 18:00,186,32
2021-03-04 19:00,93,19
2021-03-04 20:00,79,32
2021-03-04 21:00,88,39
2021-03-04 22:00,42,12
2021-03-04 23:00,9,2
2021-03-05 0:00,1,2
2021-03-05 1:00,0,0
2021-03-05 2:00,0,0
2021-03-05 3:00,0,0
2021-03-05 4:00,0,0
2021-03-05 5:00,1,6
2021-03-05 6:00,5,8
2021-03-05 7:00,9,59
2021-03-05 8:00,25,142
2021-03-05 9:00,16,77
2021-03-05 10:00,38,59
2021-03-05 11:00,42,42
2021-03-05 12:00,65,54
2021-03-05 13:00,52,60
2021-03-05 14:00,55,35
2021-03-05 15:00,61,44
2021-03-05 16:00,76,22
2021-03-05 17:00,106,39
2021-03-05 18:00,177,50
2021-03-05 19:00,76,21
2021-03-05 20:00,85,23
2021-03-05 21:00,61,33
2021-03-05 22:00,73,23
2021-03-05 23:00,4,5
2021-03-06 0:00,0,0
2021-03-06 1:00,0,0
2021-03-06 2:00,0,0
2021-03-06 3:00,0,0
2021-03-06 4:00,1,1
2021-03-06 5:00,0,3
2021-03-06 6:00,3,4
2021-03-06 7:00,20,12
2021-03-06 8:00,10,19
2021-03-06 9:00,8,20
2021-03-06 10:00,14,22
2021-03-06 11:00,29,35
2021-03-06 12:00,39,39
2021-03-06 13:00,36,27
2021-03-06 14:00,66,50
2021-03-06 15:00,67,45
2021-03-06 16:00,50,38
2021-03-06 17:00,61,39
2021-03-06 18:00,81,45
2021-03-06 19:00,58,17
2021-03-06 20:00,74,37
2021-03-06 21:00,38,39
2021-03-06 22:00,38,30
2021-03-06 23:00,2,0
2021-03-07 0:00,1,1
2021-03-07 1:00,0,0
2021-03-07 2:00,0,0
2021-03-07 3:00,0,0
2021-03-07 4:00,0,0
2021-03-07 5:00,6,5
2021-03-07 6:00,0,3
2021-03-07 7:00,10,8
2021-03-07 8:00,1,6
2021-03-07 9:00,4,17
2021-03-07 10:00,5,8
2021-03-07 11:00,21,23
2021-03-07 12:00,16,14
2021-03-07 13:00,34,26
2021-03-07 14:00,31,11
2021-03-07 15:00,32,21
2021-03-07 16:00,31,22
2021-03-07 17:00,45,28
2021-03-07 18:00,53,29
2021-03-07 19:00,23,12
2021-03-07 20:00,33,8
2021-03-07 21:00,21,11
2021-03-07 22:00,9,7
2021-03-07 23:00,5,2
2021-03-08 0:00,0,0
2021-03-08 1:00,0,0
2021-03-08 2:00,0,0
2021-03-08 3:00,0,0
2021-03-08 4:00,1,1
2021-03-08 5:00,1,5
2021-03-08 6:00,7,7
2021-03-08 7:00,9,61
2021-03-08 8:00,14,139
2021-03-08 9:00,13,76
2021-03-08 10:00,15,46
2021-03-08 11:00,48,36
2021-03-08 12:00,68,64
2021-03-08 13:00,64,54
2021-03-08 14:00,30,34
2021-03-08 15:00,55,29
2021-03-08 16:00,72,30
2021-03-08 17:00,105,27
2021-03-08 18:00,171,33
2021-03-08 19:00,84,30
2021-03-08 20:00,59,10
2021-03-08 21:00,54,21
2021-03-08 22:00,34,10
2021-03-08 23:00,5,2
2021-03-09 0:00,1,1
2021-03-09 1:00,0,0
2021-03-09 2:00,0,0
2021-03-09 3:00,0,0
2021-03-09 4:00,1,1
2021-03-09 5:00,2,4
2021-03-09 6:00,3,8
2021-03-09 7:00,5,44
2021-03-09 8:00,19,128
2021-03-09 9:00,9,103
2021-03-09 10:00,30,55
2021-03-09 11:00,39,39
2021-03-09 12:00,57,45
2021-03-09 13:00,40,54
2021-03-09 14:00,52,32
2021-03-09 15:00,42,27
2021-03-09 16:00,54,31
2021-03-09 17:00,108,24
2021-03-09 18:00,201,30
2021-03-09 19:00,90,33
2021-03-09 20:00,54,15
2021-03-09 21:00,71,15
2021-03-09 22:00,70,14
2021-03-09 23:00,7,2
2021-03-10 0:00,0,1
2021-03-10 1:00,0,0
2021-03-10 2:00,0,0
2021-03-10 3:00,0,0
2021-03-10 4:00,1,1
2021-03-10 5:00,5,5
2021-03-10 6:00,6,9
2021-03-10 7:00,9,67
2021-03-10 8:00,13,140
2021-03-10 9:00,12,63
2021-03-10 10:00,15,46
2021-03-10 11:00,39,46
2021-03-10 12:00,73,69
2021-03-10 13:00,48,36
2021-03-10 14:00,65,41
2021-03-10 15:00,54,39
2021-03-10 16:00,65,30
2021-03-10 17:00,103,25
2021-03-10 18:00,191,29
2021-03-10 19:00,80,31
2021-03-10 20:00,72,26
2021-03-10 21:00,58,15
2021-03-10 22:00,47,20
2021-03-10 23:00,6,2
2021-03-11 0:00,2,1
2021-03-11 1:00,0,0
2021-03-11 2:00,0,0
2021-03-11 3:00,0,0
2021-03-11 4:00,1,1
2021-03-11 5:00,1,4
2021-03-11 6:00,4,8
2021-03-11 7:00,9,66
2021-03-11 8:00,15,124
2021-03-11 9:00,13,83
2021-03-11 10:00,21,38
2021-03-11 11:00,45,41
2021-03-11 12:00,51,57
2021-03-11 13:00,52,55
2021-03-11 14:00,40,25
2021-03-11 15:00,59,37
2021-03-11 16:00,56,34
2021-03-11 17:00,78,24
2021-03-11 18:00,176,33
2021-03-11 19:00,87,29
2021-03-11 20:00,56,16
2021-03-11 21:00,53,10
2021-03-11 22:00,54,26
2021-03-11 23:00,17,9
2021-03-12 0:00,0,0
2021-03-12 1:00,0,0
2021-03-12 2:00,0,0
2021-03-12 3:00,0,0
2021-03-12 4:00,1,1
2021-03-12 5:00,1,5
2021-03-12 6:00,3,9
2021-03-12 7:00,7,64
2021-03-12 8:00,29,133
2021-03-12 9:00,28,76
2021-03-12 10:00,20,40
2021-03-12 11:00,52,46
2021-03-12 12:00,65,58
2021-03-12 13:00,66,45
2021-03-12 14:00,53,32
2021-03-12 15:00,55,38
2021-03-12 16:00,78,26
2021-03-12 17:00,91,35
2021-03-12 18:00,162,45
2021-03-12 19:00,79,33
2021-03-12 20:00,70,22
2021-03-12 21:00,58,29
2021-03-12 22:00,62,17
2021-03-12 23:00,10,11
2021-03-13 0:00,1,1
2021-03-13 1:00,0,0
2021-03-13 2:00,0,0
2021-03-13 3:00,0,0
2021-03-13 4:00,0,0
2021-03-13 5:00,2,4
2021-03-13 6:00,3,6
2021-03-13 7:00,9,15
2021-03-13 8:00,7,16
2021-03-13 9:00,5,17
2021-03-13 18:00,33,30
2021-03-13 19:00,77,30
2021-03-13 20:00,58,17
2021-03-13 21:00,40,16
2021-03-13 22:00,18,25
2021-03-13 23:00,4,4
2021-03-14 0:00,0,0
2021-03-14 1:00,0,0
2021-03-14 2:00,0,0
2021-03-14 3:00,0,0
2021-03-14 4:00,1,1
2021-03-14 5:00,3,0
2021-03-14 6:00,3,3
2021-03-14 7:00,2,9
2021-03-14 8:00,14,13
2021-03-14 9:00,10,14
2021-03-14 10:00,19,20
2021-03-14 11:00,22,11
2021-03-14 12:00,23,25
2021-03-14 13:00,40,22
2021-03-14 14:00,30,29
2021-03-14 15:00,34,35
2021-03-14 16:00,51,17
2021-03-14 17:00,21,20
2021-03-14 18:00,37,8
2021-03-14 19:00,30,16
2021-03-14 20:00,37,11
2021-03-14 21:00,9,11
2021-03-14 22:00,18,9
2021-03-14 23:00,1,1
2021-03-15 0:00,1,1
2021-03-15 1:00,0,0
2021-03-15 2:00,0,0
2021-03-15 3:00,0,0
2021-03-15 4:00,0,1
2021-03-15 5:00,3,8
2021-03-15 6:00,5,13
2021-03-15 7:00,9,70
2021-03-15 8:00,7,162
2021-03-15 9:00,14,75
2021-03-15 10:00,14,42
2021-03-15 11:00,39,40
2021-03-15 12:00,46,60
2021-03-15 13:00,42,54
2021-03-15 14:00,51,31
2021-03-15 15:00,50,15
2021-03-15 16:00,60,34
2021-03-15 17:00,110,26
2021-03-15 18:00,165,31
2021-03-15 19:00,66,14
2021-03-15 20:00,61,11
2021-03-15 21:00,57,20
2021-03-15 22:00,34,10
2021-03-15 23:00,3,3
2021-03-16 0:00,0,0
2021-03-16 1:00,0,0
2021-03-16 2:00,0,0
2021-03-16 3:00,0,0
2021-03-16 4:00,2,1
2021-03-16 5:00,1,6
2021-03-16 6:00,4,8
2021-03-16 7:00,15,63
2021-03-16 8:00,18,166
2021-03-16 9:00,9,66
2021-03-16 10:00,20,38
2021-03-16 11:00,52,33
2021-03-16 12:00,49,50
2021-03-16 13:00,56,56
2021-03-16 14:00,40,38
2021-03-16 15:00,62,36
2021-03-16 16:00,54,23
2021-03-16 17:00,85,22
2021-03-16 18:00,190,40
2021-03-16 19:00,84,30
2021-03-16 20:00,67,24
2021-03-16 21:00,89,33
2021-03-16 22:00,41,17
2021-03-16 23:00,5,1
2021-03-17 0:00,1,1
2021-03-17 1:00,0,0
2021-03-17 2:00,0,0
2021-03-17 3:00,0,0
2021-03-17 4:00,0,1
2021-03-17 5:00,1,4
2021-03-17 6:00,2,10
2021-03-17 7:00,4,72
2021-03-17 8:00,14,144
2021-03-17 9:00,13,73
2021-03-17 10:00,35,55
2021-03-17 11:00,42,45
2021-03-17 12:00,81,62
2021-03-17 13:00,56,47
2021-03-17 14:00,48,30
2021-03-17 15:00,55,33
2021-03-17 16:00,49,30
2021-03-17 17:00,113,30
2021-03-17 18:00,195,33
2021-03-17 19:00,90,24
2021-03-17 20:00,49,16
2021-03-17 21:00,50,16
2021-03-17 22:00,50,19
2021-03-17 23:00,7,4
2021-03-18 0:00,0,0
2021-03-18 1:00,0,0
2021-03-18 2:00,0,0
2021-03-18 3:00,0,0
2021-03-18 4:00,1,1
2021-03-18 5:00,2,5
2021-03-18 6:00,3,6
2021-03-18 7:00,7,69
2021-03-18 8:00,15,141
2021-03-18 9:00,10,72
2021-03-18 10:00,38,44
2021-03-18 11:00,81,50
2021-03-18 12:00,47,72
2021-03-18 13:00,48,32
2021-03-18 14:00,39,32
2021-03-18 15:00,48,35
2021-03-18 16:00,57,29
2021-03-18 17:00,107,26
2021-03-18 18:00,173,28
2021-03-18 19:00,78,41
2021-03-18 20:00,74,17
2021-03-18 21:00,59,32
2021-03-18 22:00,49,11
2021-03-18 23:00,4,1
2021-03-19 0:00,1,1
2021-03-19 1:00,0,0
2021-03-19 2:00,0,0
2021-03-19 3:00,0,0
2021-03-19 4:00,0,1
2021-03-19 5:00,3,5
2021-03-19 6:00,3,8
2021-03-19 7:00,8,70
2021-03-19 8:00,25,130
2021-03-19 9:00,25,87
2021-03-19 10:00,23,46
2021-03-19 11:00,65,48
2021-03-19 12:00,74,79
2021-03-19 13:00,41,38
2021-03-19 14:00,31,27
2021-03-19 15:00,63,13
2021-03-19 16:00,90,55
2021-03-19 17:00,120,43
2021-03-19 18:00,142,29
2021-03-19 19:00,82,32
2021-03-19 20:00,46,34
2021-03-19 21:00,63,20
2021-03-19 22:00,52,31
2021-03-19 23:00,14,9
2021-03-20 0:00,16,11
2021-03-20 1:00,0,0
2021-03-20 2:00,0,0
2021-03-20 3:00,0,0
2021-03-20 4:00,2,1
2021-03-20 5:00,0,0
2021-03-20 6:00,4,2
2021-03-20 7:00,10,11
2021-03-20 8:00,4,16
2021-03-20 9:00,12,30
2021-03-20 10:00,20,35
2021-03-20 11:00,26,30
2021-03-20 12:00,31,31
2021-03-20 13:00,54,43
2021-03-20 14:00,47,24
2021-03-20 15:00,42,44
2021-03-20 16:00,44,30
2021-03-20 17:00,62,44
2021-03-20 18:00,66,25
2021-03-20 19:00,54,27
2021-03-20 20:00,50,26
2021-03-20 21:00,31,14
2021-03-20 22:00,49,14
2021-03-20 23:00,4,10
2021-03-21 0:00,1,1
2021-03-21 1:00,0,0
2021-03-21 2:00,0,0
2021-03-21 3:00,0,0
2021-03-21 4:00,0,1
2021-03-21 5:00,3,0
2021-03-21 6:00,3,2
2021-03-21 7:00,3,7
2021-03-21 8:00,7,8
2021-03-21 9:00,20,43
2021-03-21 10:00,52,52
2021-03-21 11:00,19,23
2021-03-21 12:00,26,23
2021-03-21 13:00,26,13
2021-03-21 14:00,33,21
2021-03-21 15:00,25,16
2021-03-21 16:00,53,18
2021-03-21 17:00,35,29
2021-03-21 18:00,68,49
2021-03-21 19:00,107,93
2021-03-21 20:00,99,98
2021-03-21 21:00,84,59
2021-03-21 22:00,37,45
2021-03-21 23:00,5,5
2021-03-22 0:00,1,1
2021-03-22 1:00,0,0
2021-03-22 2:00,0,0
2021-03-22 3:00,0,0
2021-03-22 4:00,2,1
2021-03-22 5:00,7,8
2021-03-22 6:00,4,9
2021-03-22 7:00,9,73
2021-03-22 8:00,18,160
2021-03-22 9:00,7,67
2021-03-22 10:00,19,37
2021-03-22 11:00,27,24
2021-03-22 12:00,57,73
2021-03-22 13:00,41,39
2021-03-22 14:00,49,40
2021-03-22 15:00,67,45
2021-03-22 16:00,60,24
2021-03-22 17:00,127,32
2021-03-22 18:00,190,38
2021-03-22 19:00,77,22
2021-03-22 20:00,53,17
2021-03-22 21:00,56,22
2021-03-22 22:00,31,10
2021-03-22 23:00,10,2
2021-03-23 0:00,1,1
2021-03-23 1:00,0,0
2021-03-23 2:00,0,0
2021-03-23 3:00,0,0
2021-03-23 4:00,1,2
2021-03-23 5:00,2,5
2021-03-23 6:00,7,10
2021-03-23 7:00,14,70
2021-03-23 8:00,11,156
2021-03-23 9:00,17,72
2021-03-23 10:00,30,57
2021-03-23 11:00,46,42
2021-03-23 12:00,41,62
2021-03-23 13:00,46,50
2021-03-23 14:00,33,37
2021-03-23 15:00,63,31
2021-03-23 16:00,61,29
2021-03-23 17:00,105,34
2021-03-23 18:00,174,45
2021-03-23 19:00,86,30
2021-03-23 20:00,50,20
2021-03-23 21:00,77,17
2021-03-23 22:00,46,15
2021-03-23 23:00,11,6
2021-03-24 0:00,0,0
2021-03-24 1:00,0,0
2021-03-24 2:00,0,0
2021-03-24 3:00,0,0
2021-03-24 4:00,2,1
2021-03-24 5:00,1,4
2021-03-24 6:00,4,9
2021-03-24 7:00,10,70
2021-03-24 8:00,11,150
2021-03-24 9:00,15,80
2021-03-24 10:00,23,40
2021-03-24 11:00,58,47
2021-03-24 12:00,58,63
2021-03-24 13:00,65,49
2021-03-24 14:00,76,49
2021-03-24 15:00,52,35
2021-03-24 16:00,54,18
2021-03-24 17:00,83,23
2021-03-24 18:00,186,38
2021-03-24 19:00,79,22
2021-03-24 20:00,52,14
2021-03-24 21:00,69,16
2021-03-24 22:00,56,17
2021-03-24 23:00,5,6
2021-03-25 0:00,2,6
2021-03-25 1:00,0,0
2021-03-25 2:00,0,0
2021-03-25 3:00,0,0
2021-03-25 4:00,1,1
2021-03-25 5:00,1,6
2021-03-25 6:00,0,9
2021-03-25 7:00,11,67
2021-03-25 8:00,11,136
2021-03-25 9:00,7,73
2021-03-25 10:00,21,36
2021-03-25 11:00,44,46
2021-03-25 12:00,53,49
2021-03-25 13:00,55,34
2021-03-25 14:00,34,27
2021-03-25 15:00,64,41
2021-03-25 16:00,65,22
2021-03-25 17:00,119,34
2021-03-25 18:00,162,28
2021-03-25 19:00,76,29
2021-03-25 20:00,60,14
2021-03-25 21:00,54,21
2021-03-25 22:00,63,21
2021-03-25 23:00,4,6
2021-03-26 0:00,0,0
2021-03-26 1:00,0,0
2021-03-26 2:00,0,0
2021-03-26 3:00,0,0
2021-03-26 4:00,1,1
2021-03-26 5:00,2,7
2021-03-26 6:00,5,9
2021-03-26 7:00,9,79
2021-03-26 8:00,34,135
2021-03-26 9:00,23,87
2021-03-26 10:00,20,39
2021-03-26 11:00,49,35
2021-03-26 12:00,58,46
2021-03-26 13:00,39,38
2021-03-26 14:00,55,23
2021-03-26 15:00,59,43
2021-03-26 16:00,77,29
2021-03-26 17:00,110,28
2021-03-26 18:00,134,26
2021-03-26 19:00,76,23
2021-03-26 20:00,58,24
2021-03-26 21:00,50,30
2021-03-26 22:00,62,13
2021-03-26 23:00,10,5
2021-03-27 0:00,1,1
2021-03-27 1:00,0,0
2021-03-27 2:00,0,0
2021-03-27 3:00,0,0
2021-03-27 4:00,1,1
2021-03-27 5:00,2,4
2021-03-27 6:00,4,5
2021-03-27 7:00,5,6
2021-03-27 8:00,5,9
2021-03-27 9:00,10,31
2021-03-27 10:00,17,24
2021-03-27 11:00,13,23
2021-03-27 12:00,34,43
2021-03-27 13:00,44,36
2021-03-27 14:00,59,41
2021-03-27 15:00,43,42
2021-03-27 16:00,39,24
2021-03-27 17:00,45,24
2021-03-27 18:00,68,33
2021-03-27 19:00,64,35
2021-03-27 20:00,39,2
2021-03-27 21:00,39,23
2021-03-27 22:00,62,56
2021-03-27 23:00,29,32
2021-03-28 0:00,28,42
2021-03-28 1:00,0,0
2021-03-28 2:00,0,0
2021-03-28 3:00,3,8
2021-03-28 4:00,3,3
2021-03-28 5:00,6,3
2021-03-28 6:00,3,4
2021-03-28 7:00,8,8
2021-03-28 8:00,5,12
2021-03-28 9:00,3,12
2021-03-28 10:00,15,19
2021-03-28 11:00,18,15
2021-03-28 12:00,27,24
2021-03-28 13:00,33,27
2021-03-28 14:00,19,21
2021-03-28 15:00,28,19
2021-03-28 16:00,30,8
2021-03-28 17:00,31,14
2021-03-28 18:00,40,13
2021-03-28 19:00,17,6
2021-03-28 20:00,25,12
2021-03-28 21:00,20,8
2021-03-28 22:00,30,29
2021-03-28 23:00,0,1
2021-03-29 0:00,1,1
2021-03-29 1:00,0,0
2021-03-29 2:00,0,0
2021-03-29 3:00,0,0
2021-03-29 4:00,1,1
2021-03-29 5:00,2,10
2021-03-29 6:00,4,7
2021-03-29 7:00,8,86
2021-03-29 8:00,13,137
2021-03-29 9:00,20,72
2021-03-29 10:00,17,42
2021-03-29 11:00,45,36
2021-03-29 12:00,74,54
2021-03-29 13:00,33,58
2021-03-29 14:00,45,36
2021-03-29 15:00,48,33
2021-03-29 16:00,45,28
2021-03-29 17:00,101,24
2021-03-29 18:00,199,35
2021-03-29 19:00,91,17
2021-03-29 20:00,85,20
2021-03-29 21:00,59,15
2021-03-29 22:00,33,15
2021-03-29 23:00,7,9
2021-03-30 0:00,11,16
2021-03-30 1:00,17,17
2021-03-30 2:00,0,0
2021-03-30 3:00,0,0
2021-03-30 4:00,1,1
2021-03-30 5:00,1,6
2021-03-30 6:00,2,9
2021-03-30 7:00,7,74
2021-03-30 8:00,10,148
2021-03-30 9:00,14,68
2021-03-30 10:00,28,46
2021-03-30 11:00,56,32
2021-03-30 12:00,64,60
2021-03-30 13:00,37,32
2021-03-30 14:00,39,32
2021-03-30 15:00,71,35
2021-03-30 16:00,42,47
2021-03-30 17:00,88,26
2021-03-30 18:00,181,26
2021-03-30 19:00,84,46
2021-03-30 20:00,60,12
2021-03-30 21:00,68,22
2021-03-30 22:00,66,18
2021-03-30 23:00,6,4
2021-03-31 0:00,1,1
2021-03-31 1:00,0,0
2021-03-31 2:00,0,0
2021-03-31 3:00,0,0
2021-03-31 4:00,1,1
2021-03-31 5:00,1,7
2021-03-31 6:00,1,15
2021-03-31 7:00,6,75
2021-03-31 8:00,17,145
2021-03-31 9:00,12,66
2021-03-31 10:00,18,41
2021-03-31 11:00,74,35
2021-03-31 12:00,67,51
2021-03-31 13:00,57,46
2021-03-31 14:00,54,35
2021-03-31 15:00,71,52
2021-03-31 16:00,61,32
2021-03-31 17:00,95,32
2021-03-31 18:00,157,29
2021-03-31 19:00,69,26
2021-03-31 20:00,54,18
2021-03-31 21:00,64,27
2021-03-31 22:00,55,16
2021-03-31 23:00,16,12
2021-04-01 0:00,0,0
2021-04-01 1:00,0,0
2021-04-01 2:00,0,0
2021-04-01 3:00,0,0
2021-04-01 4:00,1,2
2021-04-01 5:00,0,4
2021-04-01 6:00,1,6
2021-04-01 7:00,10,74
2021-04-01 8:00,15,125
2021-04-01 9:00,20,64
2021-04-01 10:00,19,36
2021-04-01 11:00,42,41
2021-04-01 12:00,67,54
2021-04-01 13:00,49,39
2021-04-01 14:00,41,25
2021-04-01 15:00,43,24
2021-04-01 16:00,54,28
2021-04-01 17:00,117,22
2021-04-01 18:00,153,29
2021-04-01 19:00,61,15
2021-04-01 20:00,38,24
2021-04-01 21:00,80,22
2021-04-01 22:00,50,15
2021-04-01 23:00,6,2
2021-04-02 0:00,1,1
2021-04-02 1:00,0,0
2021-04-02 2:00,0,0
2021-04-02 3:00,0,0
2021-04-02 4:00,1,1
2021-04-02 5:00,1,3
2021-04-02 6:00,3,5
2021-04-02 7:00,10,59
2021-04-02 8:00,25,135
2021-04-02 9:00,27,101
2021-04-02 10:00,30,44
2021-04-02 11:00,50,31
2021-04-02 12:00,70,41
2021-04-02 13:00,34,45
2021-04-02 14:00,39,24
2021-04-02 15:00,56,26
2021-04-02 16:00,57,37
2021-04-02 17:00,115,23
2021-04-02 18:00,144,42
2021-04-02 19:00,68,28
2021-04-02 20:00,46,19
2021-04-02 21:00,59,32
2021-04-02 22:00,58,17
2021-04-02 23:00,5,5
2021-04-03 0:00,0,0
2021-04-03 1:00,0,0
2021-04-03 2:00,0,0
2021-04-03 3:00,0,0
2021-04-03 4:00,1,1
2021-04-03 5:00,3,0
2021-04-03 6:00,4,3
2021-04-03 7:00,6,11
2021-04-03 8:00,10,14
2021-04-03 9:00,13,22
2021-04-03 10:00,27,42
2021-04-03 11:00,31,42
2021-04-03 12:00,31,24
2021-04-03 13:00,52,41
2021-04-03 14:00,25,19
2021-04-03 15:00,50,33
2021-04-03 16:00,46,32
2021-04-03 17:00,46,25
2021-04-03 18:00,38,9
2021-04-03 19:00,29,19
2021-04-03 20:00,57,15
2021-04-03 21:00,46,31
2021-04-03 22:00,20,10
2021-04-03 23:00,3,3
2021-04-04 0:00,1,1
2021-04-04 1:00,0,0
2021-04-04 2:00,0,0
2021-04-04 3:00,0,0
2021-04-04 4:00,1,2
2021-04-04 5:00,1,0
2021-04-04 6:00,0,3
2021-04-04 7:00,3,5
2021-04-04 8:00,12,16
2021-04-04 9:00,6,14
2021-04-04 10:00,11,20
2021-04-04 11:00,10,16
2021-04-04 12:00,17,23
2021-04-04 13:00,26,15
2021-04-04 14:00,26,21
2021-04-04 15:00,35,13
2021-04-04 16:00,29,21
2021-04-04 17:00,27,32
2021-04-04 18:00,40,17
2021-04-04 19:00,36,18
2021-04-04 20:00,31,17
2021-04-04 21:00,9,13
2021-04-04 22:00,7,1
2021-04-04 23:00,2,1
2021-04-05 0:00,2,3
2021-04-05 1:00,0,0
2021-04-05 2:00,0,0
2021-04-05 3:00,0,0
2021-04-05 4:00,3,2
2021-04-05 5:00,5,6
2021-04-05 6:00,4,8
2021-04-05 7:00,9,67
2021-04-05 8:00,25,167
2021-04-05 9:00,11,65
2021-04-05 10:00,22,48
2021-04-05 11:00,32,35
2021-04-05 12:00,50,50
2021-04-05 13:00,50,58
2021-04-05 14:00,48,53
2021-04-05 15:00,54,44
2021-04-05 16:00,53,28
2021-04-05 17:00,117,25
2021-04-05 18:00,210,30
2021-04-05 19:00,84,18
2021-04-05 20:00,45,10
2021-04-05 21:00,59,10
2021-04-05 22:00,30,10
2021-04-05 23:00,3,3
2021-04-06 0:00,2,2
2021-04-06 1:00,0,0
2021-04-06 2:00,0,0
2021-04-06 3:00,0,0
2021-04-06 4:00,1,1
2021-04-06 5:00,0,6
2021-04-06 6:00,4,9
2021-04-06 7:00,15,70
2021-04-06 8:00,14,149
2021-04-06 9:00,6,59
2021-04-06 10:00,28,55
2021-04-06 11:00,40,33
2021-04-06 12:00,59,51
2021-04-06 13:00,42,48
2021-04-06 14:00,33,28
2021-04-06 15:00,61,32
2021-04-06 16:00,54,29
2021-04-06 17:00,96,31
2021-04-06 18:00,175,26
2021-04-06 19:00,61,16
2021-04-06 20:00,81,16
2021-04-06 21:00,57,29
2021-04-06 22:00,43,15
2021-04-06 23:00,9,8
2021-04-07 0:00,0,0
2021-04-07 1:00,0,0
2021-04-07 2:00,0,0
2021-04-07 3:00,0,0
2021-04-07 4:00,1,1
2021-04-07 5:00,2,7
2021-04-07 6:00,3,6
2021-04-07 7:00,7,76
2021-04-07 8:00,12,153
2021-04-07 9:00,18,67
2021-04-07 10:00,20,38
2021-04-07 11:00,52,25
2021-04-07 12:00,65,68
2021-04-07 13:00,34,36
2021-04-07 14:00,41,38
2021-04-07 15:00,57,19
2021-04-07 16:00,59,39
2021-04-07 17:00,108,19
2021-04-07 18:00,190,40
2021-04-07 19:00,70,16
2021-04-07 20:00,45,16
2021-04-07 21:00,76,16
2021-04-07 22:00,53,20
2021-04-07 23:00,5,0
2021-04-08 0:00,1,1
2021-04-08 1:00,0,0
2021-04-08 2:00,0,0
2021-04-08 3:00,0,0
2021-04-08 4:00,1,1
2021-04-08 5:00,2,6
2021-04-08 6:00,2,8
2021-04-08 7:00,13,61
2021-04-08 8:00,14,143
2021-04-08 9:00,7,71
2021-04-08 10:00,15,38
2021-04-08 11:00,41,33
2021-04-08 12:00,52,55
2021-04-08 13:00,75,64
2021-04-08 14:00,53,27
2021-04-08 15:00,56,19
2021-04-08 16:00,67,31
2021-04-08 17:00,105,44
2021-04-08 18:00,173,28
2021-04-08 19:00,85,45
2021-04-08 20:00,54,17
2021-04-08 21:00,82,23
2021-04-08 22:00,44,19
2021-04-08 23:00,5,5
2021-04-09 0:00,0,0
2021-04-09 1:00,0,0
2021-04-09 2:00,0,0
2021-04-09 3:00,0,0
2021-04-09 4:00,1,1
2021-04-09 5:00,1,7
2021-04-09 6:00,1,9
2021-04-09 7:00,5,73
2021-04-09 8:00,28,160
2021-04-09 9:00,23,83
2021-04-09 10:00,24,32
2021-04-09 11:00,53,40
2021-04-09 12:00,57,52
2021-04-09 13:00,43,37
2021-04-09 14:00,56,28
2021-04-09 15:00,65,28
2021-04-09 16:00,71,37
2021-04-09 17:00,119,30
2021-04-09 18:00,159,34
2021-04-09 19:00,63,35
2021-04-09 20:00,53,23
2021-04-09 21:00,46,19
2021-04-09 22:00,39,13
2021-04-09 23:00,7,15
2021-04-10 0:00,1,1
2021-04-10 1:00,0,0
2021-04-10 2:00,0,0
2021-04-10 3:00,0,0
2021-04-10 4:00,1,1
2021-04-10 5:00,1,4
2021-04-10 6:00,5,4
2021-04-10 7:00,12,6
2021-04-10 8:00,7,14
2021-04-10 9:00,6,20
2021-04-10 10:00,9,19
2021-04-10 11:00,31,30
2021-04-10 12:00,54,46
2021-04-10 13:00,36,33
2021-04-10 14:00,37,40
2021-04-10 15:00,50,39
2021-04-10 16:00,52,31
2021-04-10 17:00,50,27
2021-04-10 18:00,34,20
2021-04-10 19:00,40,27
2021-04-10 20:00,40,10
2021-04-10 21:00,34,11
2021-04-10 22:00,24,7
2021-04-10 23:00,7,3
2021-04-11 0:00,0,0
2021-04-11 1:00,0,0
2021-04-11 2:00,0,0
2021-04-11 3:00,0,0
2021-04-11 4:00,1,1
2021-04-11 5:00,4,1
2021-04-11 6:00,2,1
2021-04-11 7:00,5,8
2021-04-11 8:00,4,11
2021-04-11 9:00,7,12
2021-04-11 10:00,6,12
2021-04-11 11:00,12,13
2021-04-11 12:00,10,18
2021-04-11 13:00,33,24
2021-04-11 14:00,32,19
2021-04-11 15:00,25,13
2021-04-11 16:00,25,9
2021-04-11 17:00,26,17
2021-04-11 18:00,38,28
2021-04-11 19:00,43,16
2021-04-11 20:00,34,5
2021-04-11 21:00,13,5
2021-04-11 22:00,5,5
2021-04-11 23:00,0,1
2021-04-12 0:00,1,1
2021-04-12 1:00,0,0
2021-04-12 2:00,0,0
2021-04-12 3:00,0,0
2021-04-12 4:00,0,1
2021-04-12 5:00,1,7
2021-04-12 6:00,7,7
2021-04-12 7:00,9,66
2021-04-12 8:00,16,146
2021-04-12 9:00,7,69
2021-04-12 10:00,22,53
2021-04-12 11:00,32,41
2021-04-12 12:00,67,49
2021-04-12 13:00,49,43
2021-04-12 14:00,56,27
2021-04-12 15:00,54,24
2021-04-12 16:00,54,30
2021-04-12 17:00,115,30
2021-04-12 18:00,228,27
2021-04-12 19:00,73,14
2021-04-12 20:00,55,19
2021-04-12 21:00,61,9
2021-04-12 22:00,38,16
2021-04-12 23:00,3,2
2021-04-13 0:00,0,0
2021-04-13 1:00,0,0
2021-04-13 2:00,0,0
2021-04-13 3:00,0,0
2021-04-13 4:00,1,1
2021-04-13 5:00,1,4
2021-04-13 6:00,5,9
2021-04-13 7:00,9,72
2021-04-13 8:00,12,130
2021-04-13 9:00,20,69
2021-04-13 10:00,62,82
2021-04-13 11:00,56,38
2021-04-13 12:00,57,44
2021-04-13 13:00,47,48
2021-04-13 14:00,34,29
2021-04-13 15:00,66,27
2021-04-13 16:00,58,31
2021-04-13 17:00,93,22
2021-04-13 18:00,197,40
2021-04-13 19:00,53,34
2021-04-13 20:00,48,11
2021-04-13 21:00,48,14
2021-04-13 22:00,46,12
2021-04-13 23:00,5,5
2021-04-14 0:00,1,2
2021-04-14 1:00,0,0
2021-04-14 2:00,0,0
2021-04-14 3:00,0,0
2021-04-14 4:00,0,1
2021-04-14 5:00,2,6
2021-04-14 6:00,6,12
2021-04-14 7:00,12,72
2021-04-14 8:00,18,145
2021-04-14 9:00,11,82
2021-04-14 10:00,31,52
2021-04-14 11:00,39,32
2021-04-14 12:00,57,54
2021-04-14 13:00,59,37
2021-04-14 14:00,41,32
2021-04-14 15:00,57,38
2021-04-14 16:00,55,26
2021-04-14 17:00,112,42
2021-04-14 18:00,207,43
2021-04-14 19:00,67,24
2021-04-14 20:00,45,10
2021-04-14 21:00,75,18
2021-04-14 22:00,33,18
2021-04-14 23:00,7,7
2021-04-15 0:00,1,1
2021-04-15 1:00,18,23
2021-04-15 2:00,0,0
2021-04-15 3:00,0,0
2021-04-15 4:00,1,1
2021-04-15 5:00,1,5
2021-04-15 6:00,4,13
2021-04-15 7:00,34,82
2021-04-15 8:00,16,162
2021-04-15 9:00,10,85
2021-04-15 10:00,54,71
2021-04-15 11:00,50,31
2021-04-15 12:00,49,60
2021-04-15 13:00,53,41
2021-04-15 14:00,46,24
2021-04-15 15:00,61,32
2021-04-15 16:00,61,30
2021-04-15 17:00,82,26
2021-04-15 18:00,190,36
2021-04-15 19:00,74,28
2021-04-15 20:00,56,23
2021-04-15 21:00,74,29
2021-04-15 22:00,49,15
2021-04-15 23:00,6,4
2021-04-16 0:00,1,1
2021-04-16 1:00,0,0
2021-04-16 2:00,0,0
2021-04-16 3:00,0,0
2021-04-16 4:00,1,0
2021-04-16 5:00,1,5
2021-04-16 6:00,2,10
2021-04-16 7:00,4,61
2021-04-16 8:00,35,159
2021-04-16 9:00,36,88
2021-04-16 10:00,24,43
2021-04-16 11:00,58,42
2021-04-16 12:00,68,68
2021-04-16 13:00,44,40
2021-04-16 14:00,66,38
2021-04-16 15:00,71,37
2021-04-16 16:00,87,37
2021-04-16 17:00,109,29
2021-04-16 18:00,149,33
2021-04-16 19:00,59,35
2021-04-16 20:00,72,14
